ads_id,title,date_posted,odometer,color,price,user_id,car_id
1,Eius aliquid repudiandae expedita.,2023-08-08 18:29:47.504270,56260,Pink,145173906,168,6
2,A necessitatibus suscipit ipsum quia tenetur.,2023-10-09 02:22:31.505148,12506,Maroon,118284858,67,13
3,Modi voluptatibus labore quo harum optio quam quia.,2024-05-13 01:44:08.203883,29779,Blue,100379172,46,4
4,Voluptas dolores harum ipsa unde.,2023-12-17 00:15:25.921579,6766,Red,142330347,66,5
5,Quia odit velit explicabo placeat corrupti.,2023-07-14 22:18:07.120546,68493,Navy,109519696,72,9
6,Eligendi ea illum labore architecto blanditiis dolorum.,2024-03-26 08:00:57.491433,61322,Turquoise,104061557,86,7
7,Repellat alias quasi doloremque aliquam voluptates.,2023-08-01 17:46:41.511775,17095,Maroon,138470062,72,1
8,Temporibus in natus accusantium delectus quisquam blanditiis.,2023-10-11 19:36:54.895690,90044,Black,109329944,137,6
9,Hic excepturi molestiae perferendis libero dignissimos unde nam.,2023-12-19 22:16:12.858672,6156,Maroon,101796462,170,13
10,Cupiditate eos fuga in.,2024-03-24 07:12:00.536267,88703,Beige,120056765,131,1
11,A quasi est hic velit.,2023-04-25 16:07:46.319050,39841,Maroon,107899525,112,18
12,Eum molestias facilis quasi incidunt nesciunt autem nobis.,2023-09-20 17:01:06.953964,31391,Brown,130710006,118,5
13,Quod voluptatibus totam fugit numquam consequuntur aperiam.,2023-09-21 19:25:28.984910,59287,Yellow,128406457,180,14
14,Soluta consequuntur aspernatur commodi optio.,2023-11-02 03:42:48.884904,37038,Silver,123522446,13,1
15,Provident quisquam laborum quae pariatur cupiditate dolorum culpa.,2023-06-19 05:17:57.007128,97422,Brown,111188959,118,20
16,Saepe quisquam eum quod deleniti natus sunt ullam.,2024-02-14 14:13:45.804762,26771,Turquoise,128011152,200,4
17,Minus reiciendis libero dicta provident id.,2023-04-29 10:53:40.565107,58140,Purple,127058704,122,10
18,Quas vel nostrum occaecati perferendis perspiciatis.,2023-11-30 16:33:34.179049,81094,Orange,132124252,114,5
19,Reiciendis cumque delectus quis.,2024-01-23 09:12:20.662385,2858,Black,147914768,153,7
20,Cupiditate similique facere.,2024-03-26 08:47:22.310157,3880,Turquoise,128144386,174,11
21,Asperiores illo modi debitis nemo cumque distinctio.,2023-04-22 21:07:53.213609,61979,Turquoise,106313688,57,9
22,Itaque repellat autem deserunt excepturi pariatur voluptate.,2023-05-07 20:59:37.764266,13976,Black,138324860,37,17
23,Consequuntur ducimus eos molestiae nostrum magni.,2023-10-04 17:51:25.096391,13374,Yellow,136657093,34,17
24,Ipsam soluta aliquam dignissimos.,2023-02-23 17:32:32.431107,9353,Turquoise,134320098,137,19
25,Sunt quia libero beatae.,2023-12-15 13:06:56.632404,67669,Brown,137546216,97,18
26,Vero doloribus ipsum rem nobis atque.,2023-03-15 23:01:11.226628,10822,White,135548887,182,20
27,Repellendus quaerat sequi autem ullam.,2023-08-23 16:19:16.225725,29063,Pink,111195984,166,7
28,Nostrum dignissimos quod nam.,2023-10-28 07:58:28.549764,42362,Black,123840672,87,20
29,Repellat ea aliquam quam mollitia ad.,2023-07-29 21:50:42.042535,45731,Pink,110477599,49,1
30,Officia eaque illo.,2023-09-01 10:01:02.606603,77145,Brown,108769144,142,1
31,Quidem aliquid cupiditate totam quos ad sunt.,2023-03-30 18:44:03.635678,6890,Yellow,111551317,141,19
32,Deleniti cumque autem sed.,2023-04-15 05:11:54.385118,92120,Black,128535409,98,7
33,Autem quam excepturi sed assumenda ullam.,2023-10-11 21:52:51.173547,5438,Red,116651915,186,1
34,Porro accusantium dolorum illum quam reiciendis minus sunt.,2023-04-13 23:28:15.266740,80336,Green,149195976,52,5
35,Vel quae incidunt numquam numquam quia.,2023-07-14 00:10:38.112169,48514,Green,124348324,193,10
36,Nemo dignissimos soluta debitis quia eaque vero.,2024-01-04 13:59:20.608055,4291,Black,140358482,156,20
37,Atque autem blanditiis alias cupiditate inventore expedita.,2023-04-06 06:01:24.416163,94880,Purple,105889666,145,4
38,Maxime itaque rerum voluptate.,2023-01-24 21:37:51.393112,14689,Silver,108165547,60,8
39,Odio voluptate quibusdam itaque.,2023-05-30 13:30:06.063722,68636,Navy,140871183,13,9
40,Laboriosam quibusdam voluptas ut velit.,2023-02-22 11:59:54.222550,47906,Orange,114851296,108,18
41,Voluptate quasi modi quo ut.,2023-05-07 05:05:07.436050,57749,Green,105539935,100,4
42,Magnam nulla facilis necessitatibus.,2023-06-15 10:01:36.950404,55095,Gold,100719826,80,9
43,Delectus quis modi nobis veritatis ullam maxime voluptas.,2023-11-12 21:26:44.590167,58626,Red,132437793,109,5
44,Accusamus at suscipit facere dicta placeat sunt.,2023-09-25 20:31:55.362846,59147,Maroon,132425198,127,19
45,Optio fuga sapiente consequatur beatae.,2024-01-05 01:33:37.422102,48758,Green,104795728,40,1
46,Itaque quae voluptatum.,2023-03-28 13:13:58.749844,88677,Navy,148898922,16,19
47,Impedit debitis impedit illum.,2023-05-24 18:17:27.850893,79771,Yellow,144181476,113,4
48,Eaque accusantium omnis ipsum temporibus doloribus.,2023-05-25 16:44:12.889148,15128,Navy,111229354,2,20
49,Repellendus suscipit neque explicabo nesciunt.,2023-05-12 07:41:34.687076,34611,Navy,145248936,67,4
50,Voluptatum nemo perspiciatis ex ut.,2023-01-21 04:23:42.458582,16043,Yellow,102022157,171,11
51,Alias debitis nulla aut quasi animi.,2023-03-06 09:55:01.159442,17119,Silver,112556261,65,15
52,Labore earum sapiente inventore voluptas dicta quidem.,2023-12-16 11:11:01.157393,30807,Maroon,119670579,183,11
53,Nam nesciunt dicta accusantium assumenda.,2023-05-23 23:38:32.809321,47657,Pink,128152536,50,12
54,Provident ab iusto temporibus porro.,2024-05-01 01:15:11.667572,68756,Pink,114635475,21,9
55,Dolor soluta maiores temporibus ratione commodi.,2024-01-02 13:44:33.231890,93498,Blue,140018722,89,12
56,Nemo odio cum eligendi est id nulla id.,2024-04-03 02:26:30.399199,38430,Turquoise,148556374,130,11
57,Corrupti facere reprehenderit eaque ducimus ratione expedita molestias.,2023-11-30 22:56:31.195862,72714,Yellow,109702175,156,17
58,Nam blanditiis animi.,2023-03-10 04:10:48.038797,2106,Yellow,110963486,44,12
59,Eaque repellat accusantium natus.,2023-12-18 14:08:06.867189,17378,Pink,115681827,30,13
60,Neque veritatis repellendus eveniet.,2024-02-10 11:24:45.995523,67130,Pink,148217928,34,8
61,Nobis voluptatem molestias vero molestiae fugit.,2023-05-26 13:24:31.463091,16528,Brown,148256316,26,1
62,Animi nulla corporis animi suscipit accusamus in.,2024-04-26 15:21:30.120676,99413,Red,120647872,52,1
63,Veritatis asperiores nobis esse.,2023-06-19 08:28:41.342888,30539,Gray,124092882,42,12
64,Ea repellendus consequatur laborum.,2023-05-23 12:10:30.334400,41363,Beige,118740789,181,6
65,Praesentium aperiam repellendus quaerat cum.,2023-05-08 23:29:50.294448,55994,White,139712164,84,5
66,Unde laborum nulla ipsum.,2023-05-26 04:25:19.323048,12319,Orange,133235301,182,17
67,Est velit earum adipisci minus nesciunt.,2024-01-21 10:23:36.137117,8075,Beige,102535367,78,20
68,Rem cumque unde illum nihil.,2024-01-03 18:51:55.876908,95736,White,146731794,156,11
69,Ad quam laborum sit.,2023-09-16 04:47:54.262194,75515,Red,122063147,100,6
70,Modi consequuntur voluptatem magnam.,2023-05-23 12:16:24.860245,10736,Navy,116914420,56,3
71,Aliquam beatae repudiandae hic illum.,2024-02-03 08:32:18.744815,84024,Purple,100657086,75,11
72,Dolore modi dolorem.,2023-12-20 13:47:57.508656,59385,Pink,124674896,129,1
73,Omnis eaque cum suscipit necessitatibus placeat consequatur.,2023-06-10 03:00:23.852637,12073,Maroon,142056536,35,10
74,Asperiores autem dicta deleniti dignissimos maxime.,2023-10-18 13:32:30.885767,48545,Brown,133754465,53,5
75,Repellendus rem quisquam iure itaque distinctio.,2024-01-12 07:36:39.751644,42397,Gold,146586433,197,12
76,Porro cum ad magni nemo perspiciatis explicabo.,2023-06-16 08:18:30.229974,43832,Black,113878095,22,10
77,Quos repudiandae quod ad.,2023-05-08 13:10:35.932663,27546,Gray,121839284,18,17
78,Maxime maxime porro magnam cupiditate nisi.,2023-07-02 23:18:20.294724,6963,Brown,119886346,157,1
79,In illo inventore ad harum.,2023-06-27 14:26:20.756129,11770,Silver,104802084,51,10
80,Rerum nisi cum.,2023-09-12 22:26:26.697527,27632,Green,108933364,146,2
81,Nobis mollitia ea similique corrupti.,2024-03-16 21:40:59.449810,86995,Black,122027168,179,9
82,Officia veniam nisi perspiciatis a architecto sequi.,2023-11-23 08:02:44.146515,9251,Blue,107245144,114,2
83,Odit eveniet odit sit cumque rem nobis.,2024-03-31 08:30:25.911160,15599,Beige,129096870,53,12
84,Expedita cupiditate porro illo iusto aspernatur aspernatur.,2023-08-13 08:20:05.794013,1608,Silver,149531434,179,18
85,Nobis dicta dolore.,2023-11-20 04:24:53.161513,92773,Maroon,142710859,185,16
86,Eius consectetur commodi in velit quas.,2024-04-19 16:10:02.135620,83421,Yellow,147873295,188,12
87,Numquam sed velit voluptate nobis perferendis repudiandae.,2023-07-02 14:30:04.455538,83819,Yellow,104297434,11,5
88,Voluptas eum placeat accusamus laboriosam voluptatibus.,2023-08-21 02:12:16.030903,49391,Maroon,112029761,175,7
89,Maxime veniam minima incidunt expedita enim ullam illo.,2023-08-08 11:42:34.176246,49438,Red,100549769,45,8
90,Error quaerat velit eum aperiam amet ducimus.,2023-11-07 01:47:02.447685,56711,Red,141246596,179,6
91,Quia illo aliquam corporis temporibus voluptatibus vero incidunt.,2023-06-02 06:51:18.207150,3937,Purple,115537215,18,1
92,Accusamus ratione molestias.,2023-08-19 13:44:17.638254,49346,Brown,125634146,59,6
93,Enim est libero odio quas odit facere.,2024-05-09 03:17:08.759388,55967,Gold,142301999,96,19
94,Vitae dolore suscipit eos suscipit necessitatibus.,2023-05-31 07:19:47.782553,99958,Brown,105587413,107,15
95,Sapiente molestiae odio explicabo voluptas.,2023-07-08 09:53:39.304703,49115,Black,125424070,168,12
96,Voluptate quae quidem laboriosam at.,2024-02-14 23:56:56.791051,838,Purple,144457202,62,14
97,Hic ullam distinctio excepturi.,2024-03-17 12:12:14.027943,19001,White,107164149,197,16
98,Dolores modi reiciendis temporibus repudiandae voluptas.,2023-03-14 04:27:35.645414,85523,Purple,130662911,192,8
99,Animi neque animi vel repellat explicabo labore vero.,2024-02-27 03:18:56.475865,66933,Gold,116649851,56,7
100,Voluptate necessitatibus saepe pariatur.,2023-12-28 07:36:26.908264,52676,Yellow,140933108,137,8
101,Modi repudiandae a dignissimos amet.,2023-12-27 07:32:23.163639,55953,Orange,105357185,179,2
102,Sed reprehenderit consectetur totam enim optio harum.,2024-02-26 21:28:03.164696,36225,Orange,106865656,15,13
103,Enim placeat recusandae alias exercitationem dolorum.,2023-04-25 10:24:37.112831,46654,Brown,144316780,158,15
104,Error mollitia incidunt natus ad magnam occaecati.,2023-06-09 13:04:52.230248,85276,Pink,130152994,131,11
105,Porro laudantium distinctio fugit aliquid debitis exercitationem.,2023-11-13 03:25:04.148268,43197,Brown,126935270,129,9
106,Quidem vero hic molestias.,2023-10-08 22:26:51.214369,98821,White,109986302,139,3
107,Sit saepe illo quod.,2023-01-20 05:05:51.119533,6997,Silver,139156930,51,18
108,Amet perferendis reiciendis.,2023-07-22 11:46:27.406147,67233,Purple,111502449,71,3
109,Cumque impedit occaecati at facilis necessitatibus.,2024-01-19 10:22:02.445499,402,Pink,137516541,142,5
110,Adipisci repellat nulla.,2023-11-25 04:58:17.753024,77445,Turquoise,149394980,73,18
111,In labore labore ab.,2023-05-07 11:21:35.504043,86294,Yellow,138282013,185,15
112,Et dolores doloribus quia.,2023-06-08 10:19:14.421021,67483,Turquoise,112558278,130,8
113,Error accusamus sequi suscipit omnis magni reiciendis quis.,2023-06-22 15:35:48.465583,61109,Gold,130098994,111,8
114,Suscipit sapiente voluptates provident.,2023-10-02 19:32:07.066617,32126,White,146728903,185,7
115,Corrupti accusamus animi dicta.,2023-04-20 22:28:24.275682,26225,Navy,104980332,66,17
116,Iusto quo minima culpa magnam voluptatem consequuntur.,2023-12-17 04:16:57.947155,34595,Green,129684240,184,10
117,Asperiores cupiditate alias beatae unde aperiam pariatur.,2023-08-07 15:56:22.671498,84707,Beige,103121777,112,8
118,Dolorum repellat sapiente eum fugit voluptatibus nisi.,2023-05-12 09:06:07.861603,30559,Turquoise,148345447,143,6
119,Expedita amet at error.,2023-06-10 02:18:54.471498,96392,Silver,146816622,39,2
120,Ullam molestias qui.,2023-07-23 20:13:51.957399,11078,Blue,149137793,155,9
121,Est dolorem quasi totam deleniti.,2023-10-23 08:08:29.347206,76647,Navy,127405678,97,11
122,Ab exercitationem repellat pariatur sequi.,2023-09-05 19:45:38.846729,85841,Navy,105041424,147,1
123,Minus aliquam nisi odit dolore voluptates quisquam asperiores.,2023-05-01 13:21:46.872456,136,Navy,118780521,174,19
124,Consequatur repudiandae placeat ex explicabo delectus ducimus.,2023-12-07 12:18:42.929514,12868,Turquoise,104206436,169,18
125,Expedita minima aut.,2024-05-12 05:12:01.536995,81288,Red,142669281,147,10
126,Iste ipsum alias ullam cum.,2023-12-28 01:09:58.886575,98464,Gray,106874157,132,16
